Acinonyx,Acinonyx_?_pardinensis,10647.0,10647.0
Acinonyx,Acinonyx_?_sp.,9372.0,9372.0
Acinonyx,Acinonyx_aicha,5595.0,5595.0
Acinonyx,Acinonyx_cf._pardinensis,9043.0,9043.0
Acinonyx,Acinonyx_jubatus,4792.0,8626.0
Acinonyx,Acinonyx_pardinensis,9643.0,26265.0
Adcrocuta,Adcrocuta_?_eximia,26367.0,26367.0
Adcrocuta,Adcrocuta_australis,5391.0,5423.0
Adcrocuta,Adcrocuta_cf._eximia,17400.0,17400.0
Adcrocuta,Adcrocuta_eximia,9043.0,51833.0
Adcrocuta,Adcrocuta_sp.,26330.0,26330.0
Adelphailurus,Adelphailurus_kansensis,1058.0,2381.0
Adelphailurus,Adelphailurus_n._sp._kansensis,1835.0,1835.0
Adelphailurus,Adelphailurus_sp.,2005.0,6209.0
Aelurogale,Aelurogale_n._sp._mongoliensis,57193.0,57193.0
Africanictis,Africanictis_meini,19863.0,19863.0
Africanictis,Africanictis_n._sp._hyaenoides,57772.0,57772.0
Africanictis,Africanictis_schmidtkittleri,57771.0,57771.0
Alagtsavbaatar,Alagtsavbaatar_indigenus,57727.0,57727.0
Allohyaena,Allohyaena_algeriensis,9164.0,9164.0
Allohyaena,Allohyaena_kadici,43474.0,43474.0
Allohyaena,Allohyaena_n._sp._kadici,9557.0,9557.0
Amphimachairodus,Amphimachairodus_coloradensis,48545.0,48545.0
Amphimachairodus,Amphimachairodus_giganteus,10999.0,10999.0
Amphimachairodus,Amphimachairodus_sp.,57643.0,57643.0
Atilax,Atilax_mesotes,32407.0,32407.0
Atilax,Atilax_paludinosus,4805.0,33119.0
Atilax,Atilax_sp.,4888.0,5560.0
Bdeogale,Bdeogale_pardus,5324.0,5324.0
Bunaelurus,Bunaelurus_n._sp._parvulus,57672.0,57672.0
Bunaelurus,Bunaelurus_n._sp._ulysses,57672.0,57672.0
Caracal,Caracal_caracal,45190.0,45190.0
Caracal,Caracal_sp.,30193.0,30193.0
Chasmaporthetes,Chasmaporthetes_?_ossifragus,6294.0,6294.0
Chasmaporthetes,Chasmaporthetes_kani,9032.0,11208.0
Chasmaporthetes,Chasmaporthetes_lunensis,7584.0,13592.0
Chasmaporthetes,Chasmaporthetes_n._sp._ossifragus,1813.0,1813.0
Chasmaporthetes,Chasmaporthetes_n._sp._sp.,13691.0,13691.0
Chasmaporthetes,Chasmaporthetes_nitidula,4867.0,61133.0
Chasmaporthetes,Chasmaporthetes_ossifragus,1060.0,6294.0
Chasmaporthetes,Chasmaporthetes_silberbergi,4867.0,7584.0
Chasmaporthetes,Chasmaporthetes_sp.,1070.0,61128.0
Civettictis,Civettictis_civetta,5479.0,5479.0
Crocotta,Crocotta_cf._spelaea,0.126,0.126
Crocuta,Crocuta_?_sp.,8655.0,8655.0
Crocuta,Crocuta_?_spelaea,11725.0,11725.0
Crocuta,Crocuta_aff._crocuta,5617.0,5617.0
Crocuta,Crocuta_alba,37350.0,37350.0
Crocuta,Crocuta_brunea,13053.0,13053.0
Crocuta,Crocuta_carnifex,6080.0,6080.0
Crocuta,Crocuta_cf._crocuta,4447.0,11400.0
Crocuta,Crocuta_cf._sivalensis,11349.0,11349.0
Crocuta,Crocuta_cf._spelaea,4867.0,4867.0
Crocuta,Crocuta_cf._ultra,5276.0,5653.0
Crocuta,Crocuta_crocuta,4412.0,40497.0
Crocuta,Crocuta_dbaa,5595.0,5595.0
Crocuta,Crocuta_eximia,24838.0,24838.0
Crocuta,Crocuta_felina,13624.0,13624.0
Crocuta,Crocuta_gigantea,6080.0,6080.0
Crocuta,Crocuta_informal_sp.nov.-Laetoli,4451.0,4451.0
Crocuta,Crocuta_n._sp._inexpectatus,54070.0,54070.0
Crocuta,Crocuta_perrieri,8652.0,12802.0
Crocuta,Crocuta_sp.,4442.0,61122.0
Crocuta,Crocuta_spelaea,5920.0,61122.0
Crocuta,Crocuta_ultima,9935.0,31309.0
Crossarchus,Crossarchus_alexandri,5324.0,5324.0
Crossarchus,Crossarchus_transvaalensis,4885.0,4885.0
Cryptoprocta,Cryptoprocta_ferox,31261.0,31261.0
Cryptoprocta,Cryptoprocta_spelea,60479.0,60479.0
Cynictis,Cynictis_penicillata,4805.0,5255.0
Cynodictis,Cynodictis_elegans,57619.0,57619.0
Cynodictis,Cynodictis_n._sp._elegans,57672.0,57672.0
Diamantofelis,Diamantofelis_ferox,19863.0,19863.0
Diamantofelis,Diamantofelis_minor,19863.0,19863.0
Dinaelurus,Dinaelurus_crassus,31438.0,31438.0
Dinailurictis,Dinailurictis_bonali,52988.0,61223.0
Dinictis,Dinictis_?_sp.,3318.0,3318.0
Dinictis,Dinictis_cyclops,31438.0,31438.0
Dinictis,Dinictis_felina,1757.0,6294.0
Dinictis,Dinictis_sp.,1442.0,53322.0
Dinobastis,Dinobastis_latidens,0.0117,0.0117
Dinofelis,Dinofelis_?_sp.,61133.0,61133.0
Dinofelis,Dinofelis_abeli,48828.0,48828.0
Dinofelis,Dinofelis_aff._piveteaui,5626.0,61133.0
Dinofelis,Dinofelis_aronoki,8636.0,8636.0
Dinofelis,Dinofelis_barlowi,4469.0,5538.0
Dinofelis,Dinofelis_cf._barlowi,4454.0,61133.0
Dinofelis,Dinofelis_cf._palaeoonca,2625.0,2625.0
Dinofelis,Dinofelis_cf._piveteaui,4760.0,4760.0
Dinofelis,Dinofelis_diastemata,4809.0,5423.0
Dinofelis,Dinofelis_palaeoonca,2552.0,6294.0
Dinofelis,Dinofelis_piveteaui,4885.0,4885.0
Dinofelis,Dinofelis_sp.,4447.0,37298.0
Eofelis,Eofelis_sp.,57727.0,57727.0
Epimachairodus,Epimachairodus_fires,11437.0,11437.0
Eusmilus,Eusmilus_?_sp.,1235.0,1235.0
Eusmilus,Eusmilus_bidentatus,61356.0,61356.0
Eusmilus,Eusmilus_cerebralis,1148.0,31438.0
Eusmilus,Eusmilus_n._sp._villebramarensis,61356.0,61356.0
Eusmilus,Eusmilus_sp.,1235.0,11574.0
Eusmilus,Eusmilus_villebramarensis,61356.0,61356.0
Felidae,Felidae_?_indet.,2066.0,2598.0
Felidae,Felidae_indet.,928.0,61266.0
Felidae,Felidae_sp.,60922.0,60922.0
Felinae,Felinae_indet.,2772.0,31458.0
Felis,Felis_(Felis)_sp.,9643.0,9643.0
Felis,Felis_(Herpailurus)_sp.,50339.0,50339.0
Felis,Felis_(Lynx)_cf._spelaea,9858.0,9858.0
Felis,Felis_(Lynx)_issiodorensis,9643.0,9643.0
Felis,Felis_(Lynx)_sp.,9643.0,9643.0
Felis,Felis_?_sp.,9700.0,25983.0
Felis,Felis_aff._atrox,41080.0,41080.0
Felis,Felis_aff._caracal,5408.0,37298.0
Felis,Felis_aff._issiodorensis,4809.0,5401.0
Felis,Felis_aff._prisca,15232.0,15232.0
Felis,Felis_amnicola,31584.0,31584.0
Felis,Felis_atrox,1200.0,52516.0
Felis,Felis_attica,24670.0,48740.0
Felis,Felis_caligata,5212.0,5212.0
Felis,Felis_caracal,4430.0,37314.0
Felis,Felis_cf._atrox,2588.0,2588.0
Felis,Felis_cf._attica,60908.0,60908.0
Felis,Felis_cf._carocal,33119.0,33119.0
Felis,Felis_cf._concolor,31599.0,31599.0
Felis,Felis_cf._inexpectata,3185.0,50339.0
Felis,Felis_cf._libyca,4888.0,4888.0
Felis,Felis_cf._lunensis,9534.0,9534.0
Felis,Felis_cf._macrotis,10889.0,10889.0
Felis,Felis_cf._microtis,19685.0,19685.0
Felis,Felis_cf._pardus,9695.0,9695.0
Felis,Felis_cf._serval,4478.0,4478.0
Felis,Felis_cf._silvestris,5595.0,9424.0
Felis,Felis_cf._studeri,57025.0,57025.0
Felis,Felis_cf._sylvestris,8650.0,9643.0
Felis,Felis_cf._toscana,8652.0,8652.0
Felis,Felis_cf._veronis,50335.0,50335.0
Felis,Felis_christoli,11045.0,11045.0
Felis,Felis_concolor,1461.0,52801.0
Felis,Felis_couguar,41113.0,41113.0
Felis,Felis_crassidens,4885.0,4885.0
Felis,Felis_domesticus,35863.0,35863.0
Felis,Felis_ex_gr._caracal,10617.0,10617.0
Felis,Felis_hippolestes,31524.0,31524.0
Felis,Felis_informal_sp._large,4451.0,4451.0
Felis,Felis_informal_sp._medium,4451.0,4451.0
Felis,Felis_informal_sp._small,4451.0,4451.0
Felis,Felis_issiodorensis,5423.0,5423.0
Felis,Felis_lacustris,57025.0,57025.0
Felis,Felis_leo,37332.0,37332.0
Felis,Felis_libyca,4430.0,37314.0
Felis,Felis_listai,24013.0,24013.0
Felis,Felis_lunensis,13155.0,13155.0
Felis,Felis_lynx,24838.0,31472.0
Felis,Felis_lynx_?,24838.0,24838.0
Felis,Felis_n._sp._daggetti,2573.0,2573.0
Felis,Felis_n._sp._hawveri,50720.0,50720.0
Felis,Felis_n._sp._obscura,4809.0,4809.0
Felis,Felis_n._sp._vorohuensis,6166.0,6166.0
Felis,Felis_nigripes,5255.0,5255.0
Felis,Felis_obscura,5401.0,5423.0
Felis,Felis_onca,2451.0,30545.0
Felis,Felis_oregonensis,31531.0,31531.0
Felis,Felis_pardalis,4785.0,4796.0
Felis,Felis_pardus,5261.0,5261.0
Felis,Felis_platensis,43044.0,46109.0
Felis,Felis_rufa,1326.0,1326.0
Felis,Felis_rufus,0.0,0.3
Felis,Felis_serval,4792.0,8626.0
Felis,Felis_silvestris,5211.0,61133.0
Felis,Felis_sinensis,31309.0,31309.0
Felis,Felis_sp.,4451.0,61467.0
Felis,Felis_sylvestris,8611.0,57380.0
Felis,Felis_tigris_?,11400.0,11400.0
Felis,Felis_wenzensis,11342.0,11342.0
Felis,Felis_wiedii,4796.0,4796.0
Felis,Felis_yagouaroundi,4785.0,4796.0
Felis,Felis_yaguaroundi,19694.0,19694.0
Felis,Felis_youngi,9176.0,9176.0
Fossa,Fossa_fossana,31261.0,31261.0
Galerella,Galerella_pulverulenta,0.0,0.0117
Genetta,Genetta_cf._genetta,4486.0,4486.0
Genetta,Genetta_genetta,4792.0,5240.0
Genetta,Genetta_sp.,4655.0,45190.0
Genetta,Genetta_tigrina,4792.0,5238.0
Helogale,Helogale_aff._kitafe,23832.0,23832.0
Helogale,Helogale_hirtula,4447.0,4769.0
Helogale,Helogale_kitafe,4768.0,5357.0
Helogale,Helogale_palaeogracilis,4451.0,4451.0
Helogale,Helogale_sp.,4887.0,4887.0
Herpailurus,Herpailurus_cf._yaguaroundi,17632.0,17632.0
Herpailurus,Herpailurus_yagouaroundi,23910.0,24122.0
Herpestes,Herpestes_abdelalii,5595.0,37350.0
Herpestes,Herpestes_aurelianensis,10749.0,19926.0
Herpestes,Herpestes_cf._urva,4412.0,4412.0
Herpestes,Herpestes_filholi,13210.0,13210.0
Herpestes,Herpestes_ichneumon,4451.0,33119.0
Herpestes,Herpestes_indet.,23832.0,23832.0
Herpestes,Herpestes_mesotes,4885.0,4885.0
Herpestes,Herpestes_palaeoserengetensis,4451.0,4451.0
Herpestes,Herpestes_pulverulentus,5235.0,37301.0
Herpestes,Herpestes_sanguineus,4805.0,5237.0
Herpestes,Herpestes_sp.,4782.0,30193.0
Herpestes,Herpestes_urva,31309.0,31309.0
Herpestidae,Herpestidae_indet.,4888.0,27974.0
Herpestides,Herpestides_aegypticus,23705.0,23705.0
Herpestides,Herpestides_antiquus,34747.0,34747.0
Herpestides,Herpestides_n._sp._aegypticus,23705.0,23705.0
Herpestides,Herpestides_n._sp._compactus,34747.0,34747.0
Herpestides,Herpestides_sp.,19922.0,19922.0
Herpestinae,Herpestinae_indet.,5391.0,11208.0
Homotherium,Homotherium_?_crenatidens,12548.0,12548.0
Homotherium,Homotherium_?_idahoensis,3118.0,3118.0
Homotherium,Homotherium_?_sp.,1309.0,9135.0
Homotherium,Homotherium_cf._crenatidens,9135.0,9580.0
Homotherium,Homotherium_cf._serum,1319.0,2021.0
Homotherium,Homotherium_crenatidens,4867.0,25340.0
Homotherium,Homotherium_crusafonti,3070.0,3070.0
Homotherium,Homotherium_davitashvili,48828.0,48828.0
Homotherium,Homotherium_hungaricus,9580.0,9580.0
Homotherium,Homotherium_idahoensis,6294.0,6294.0
Homotherium,Homotherium_johnstoni,2485.0,2485.0
Homotherium,Homotherium_latidens,9343.0,26265.0
Homotherium,Homotherium_moravicum,8655.0,12957.0
Homotherium,Homotherium_n._sp._venezuelensis,46869.0,46869.0
Homotherium,Homotherium_problematicus,4454.0,5596.0
Homotherium,Homotherium_sainzelli,12548.0,13425.0
Homotherium,Homotherium_serum,2839.0,31487.0
Homotherium,Homotherium_sp.,1400.0,13759.0
Hoplophoneus,Hoplophoneus_?_sp.,3318.0,31438.0
Hoplophoneus,Hoplophoneus_mentalis,1944.0,28107.0
Hoplophoneus,Hoplophoneus_occidentalis,2711.0,2711.0
Hoplophoneus,Hoplophoneus_primaevus,1757.0,6294.0
Hoplophoneus,Hoplophoneus_sicarius,6294.0,6294.0
Hoplophoneus,Hoplophoneus_sp.,2541.0,6205.0
Hoplophoneus,Hoplophoneus_strigidens,31438.0,31438.0
Hyaena,Hyaena_abronia,5391.0,5401.0
Hyaena,Hyaena_algeriensis,43778.0,43778.0
Hyaena,Hyaena_bellax,4885.0,4885.0
Hyaena,Hyaena_brevirostris,13519.0,31625.0
Hyaena,Hyaena_brunnea,17685.0,37303.0
Hyaena,Hyaena_cf._bellax,5408.0,5408.0
Hyaena,Hyaena_cf._namaquensis,5397.0,37298.0
Hyaena,Hyaena_chaeretis,60922.0,60922.0
Hyaena,Hyaena_crocuta,10604.0,10604.0
Hyaena,Hyaena_donnezani,10948.0,10948.0
Hyaena,Hyaena_eldarica,24838.0,24838.0
Hyaena,Hyaena_exima,24838.0,24838.0
Hyaena,Hyaena_eximia,24838.0,60922.0
Hyaena,Hyaena_hyaena,4430.0,11378.0
Hyaena,Hyaena_licenti,9810.0,13623.0
Hyaena,Hyaena_makapani,5537.0,5537.0
Hyaena,Hyaena_n._sp._abronia,4809.0,4809.0
Hyaena,Hyaena_n._sp._hipparionum,31484.0,31484.0
Hyaena,Hyaena_perrieri,12548.0,13549.0
Hyaena,Hyaena_prisca,10604.0,13054.0
Hyaena,Hyaena_pyrenaica,9138.0,9138.0
Hyaena,Hyaena_sinensis,13623.0,13623.0
Hyaena,Hyaena_sp.,4447.0,26934.0
Hyaena,Hyaena_spelaea,10916.0,35949.0
Hyaena,Hyaena_striata,9643.0,9643.0
Hyaenictis,Hyaenictis_eximia,11395.0,11395.0
Hyaenictis,Hyaenictis_forfex,4896.0,4896.0
Hyaenictis,Hyaenictis_graeca,16909.0,60922.0
Hyaenictis,Hyaenictis_n._sp._preforfex,4809.0,4809.0
Hyaenictis,Hyaenictis_preforfex,5401.0,5401.0
Hyaenictis,Hyaenictis_sp.,23832.0,23832.0
Hyaenictitherium,Hyaenictitherium_barbarum_?,37350.0,37350.0
Hyaenictitherium,Hyaenictitherium_cf._hyaenoides,17171.0,17171.0
Hyaenictitherium,Hyaenictitherium_cf._parvum,8636.0,8636.0
Hyaenictitherium,Hyaenictitherium_hyaenoides,9043.0,9043.0
Hyaenictitherium,Hyaenictitherium_sp.,23832.0,57643.0
Hyaenictitherium,Hyaenictitherium_wongi,26367.0,26367.0
Hyaenictitherium,Hyaenictitherium_wongii,26273.0,26273.0
Hyaenidae,Hyaenidae_?_indet.,13054.0,13532.0
Hyaenidae,Hyaenidae_indet.,4451.0,61133.0
Hyaenotherium,Hyaenotherium_magnum,25370.0,25370.0
Hyaenotherium,Hyaenotherium_wongi,17400.0,17400.0
Hyaenotherium,Hyaenotherium_wongii,9080.0,9080.0
Hyena,Hyena_eximia,5.333,5.333
Ichneumia,Ichneumia_albicauda,4430.0,5266.0
Ichneumia,Ichneumia_nims,5595.0,5595.0
Ichneumia,Ichneumia_sp.,5569.0,5569.0
Ictidopappus,Ictidopappus_n._sp._mustelinus,2953.0,2953.0
Ictitheriinae,Ictitheriinae_indet.,26401.0,26401.0
Ictitherium,Ictitherium_(Ictitherium)_sp.,26330.0,26330.0
Ictitherium,Ictitherium_(Palhyaena)_sp.,26330.0,26330.0
Ictitherium,Ictitherium_cf._arambourgi,16909.0,16909.0
Ictitherium,Ictitherium_cf._hipparionum,6183.0,6183.0
Ictitherium,Ictitherium_cf._orbingyi,15232.0,15232.0
Ictitherium,Ictitherium_cf._sinence,9043.0,9043.0
Ictitherium,Ictitherium_ebu,8636.0,8636.0
Ictitherium,Ictitherium_gaudryi,11437.0,11437.0
Ictitherium,Ictitherium_hipparionum,11351.0,60922.0
Ictitherium,Ictitherium_orbignyi,60922.0,60922.0
Ictitherium,Ictitherium_preforfex,5391.0,5423.0
Ictitherium,Ictitherium_robustum,24838.0,60922.0
Ictitherium,Ictitherium_sarmaticum,15529.0,15529.0
Ictitherium,Ictitherium_sp.,6093.0,24838.0
Ictitherium,Ictitherium_tauricum,24838.0,24838.0
Ictitherium,Ictitherium_viverrinum,23390.0,26367.0
Ictitherium,Ictitherium_wongi,11336.0,11336.0
Ikelohyaena,Ikelohyaena_cf._abronia,8636.0,8636.0
Kichechia,Kichechia_zamanae,10163.0,47344.0
Leo,Leo_cf._gombaszoegensis,4451.0,4451.0
Leo,Leo_cf._pardus,1.806,2.588
Leo,Leo_cf._toscana,2.588,2.588
Leopardus,Leopardus_amnicola,3585.0,6294.0
Leopardus,Leopardus_braccatus,43780.0,43780.0
Leopardus,Leopardus_cf._tigrinus,47592.0,47592.0
Leopardus,Leopardus_pardalis,6294.0,43594.0
Leopardus,Leopardus_sp.,1962.0,1962.0
Leopardus,Leopardus_tigrina,24122.0,24122.0
Leptoplesictis,Leptoplesictis_n._sp._namibiensis,57517.0,57517.0
Leptoplesictis,Leptoplesictis_n._sp._senutae,57517.0,57517.0
Lycaena,Lycaena_parva,7.246,7.246
Lycyaena,Lycyaena_aff._chaeretis,11011.0,11011.0
Lycyaena,Lycyaena_cf._lunensis,8652.0,8652.0
Lycyaena,Lycyaena_chaeretis,26401.0,26401.0
Lycyaena,Lycyaena_choeretis,24838.0,24838.0
Lycyaena,Lycyaena_parva,24838.0,24838.0
Lycyaena,Lycyaena_sp.,6838.0,11002.0
Lycyaenops,Lycyaenops_silberbergi,61133.0,61133.0
Lynx,Lynx_?_issiodorensis,9135.0,9135.0
Lynx,Lynx_?_sp.,1682.0,9534.0
Lynx,Lynx_aff._issiodorensis,9364.0,10947.0
Lynx,Lynx_canadensis,1200.0,6225.0
Lynx,Lynx_cf._canadensis,2589.0,2589.0
Lynx,Lynx_cf._issiodorensis,9580.0,13155.0
Lynx,Lynx_cf._rexroadensis,6294.0,6294.0
Lynx,Lynx_cf._rufus,1200.0,34884.0
Lynx,Lynx_cf._strandi,9534.0,9534.0
Lynx,Lynx_ex_gr._brevirostris,13592.0,13592.0
Lynx,Lynx_ex_gr._issiodorensis,9043.0,9043.0
Lynx,Lynx_fasciatus,50711.0,50711.0
Lynx,Lynx_issiodorensis,9032.0,15259.0
Lynx,Lynx_issiodorensis_?,9147.0,9147.0
Lynx,Lynx_longignathus,6294.0,6294.0
Lynx,Lynx_lynx,9534.0,60903.0
Lynx,Lynx_lynx_?,3553.0,3553.0
Lynx,Lynx_n._sp._calcaratus,1628.0,1628.0
Lynx,Lynx_pardina,13053.0,13519.0
Lynx,Lynx_pardinus,8987.0,26265.0
Lynx,Lynx_proterolyncis,3013.0,6294.0
Lynx,Lynx_rexroadensis,2374.0,50333.0
Lynx,Lynx_rexroadensis_?,6294.0,6294.0
Lynx,Lynx_rufus,949.0,61249.0
Lynx,Lynx_rufus_?,1794.0,1794.0
Lynx,Lynx_sp.,1461.0,35381.0
Lynx,Lynx_spelaea,9314.0,13054.0
Lynx,Lynx_spelaeus,9910.0,9910.0
Lynx,Lynx_thomasi,9013.0,9013.0
Machaerodus,Machaerodus_cultridens,11.608,11.608
Machaerodus,Machaerodus_sp.,3.6,3.6
Machairodontinae,Machairodontinae_?_indet.,13151.0,13151.0
Machairodontinae,Machairodontinae_indet.,1751.0,61190.0
Machairodus,Machairodus_?_sp.,11166.0,11166.0
Machairodus,Machairodus_afanistus,60908.0,60908.0
Machairodus,Machairodus_aff._irtyschensis,24838.0,24838.0
Machairodus,Machairodus_aphanistus,9080.0,60908.0
Machairodus,Machairodus_catocopis,48545.0,48545.0
Machairodus,Machairodus_cf._aphanistus,5649.0,5649.0
Machairodus,Machairodus_cf._coloradensis,1179.0,50333.0
Machairodus,Machairodus_cf._giganteus,17171.0,17171.0
Machairodus,Machairodus_coloradensis,1561.0,6294.0
Machairodus,Machairodus_cultridens,24838.0,24838.0
Machairodus,Machairodus_darti,4932.0,4932.0
Machairodus,Machairodus_davitasvilii,10898.0,10898.0
Machairodus,Machairodus_ex_gr._gigantheus,9043.0,9043.0
Machairodus,Machairodus_fires,11208.0,11208.0
Machairodus,Machairodus_giganteus,9032.0,48740.0
Machairodus,Machairodus_irtyschensis,24838.0,24838.0
Machairodus,Machairodus_ischimicus,24838.0,24838.0
Machairodus,Machairodus_kurteni,9043.0,9043.0
Machairodus,Machairodus_n._sp._alberdiae,11011.0,11011.0
Machairodus,Machairodus_n._sp._bidentatus,61356.0,61356.0
Machairodus,Machairodus_n._sp._irtyschensis,10877.0,10877.0
Machairodus,Machairodus_n._sp._kabir,47358.0,47358.0
Machairodus,Machairodus_palanderi,11336.0,11336.0
Machairodus,Machairodus_parvulus,24838.0,24838.0
Machairodus,Machairodus_schlosseri,24838.0,24838.0
Machairodus,Machairodus_sclosseri,24838.0,24838.0
Machairodus,Machairodus_sp.,1051.0,34762.0
Megantereon,Megantereon_?_hesperus,3070.0,3070.0
Megantereon,Megantereon_cf._gracile,5600.0,37298.0
Megantereon,Megantereon_cf._megantereon,19687.0,19687.0
Megantereon,Megantereon_cf._whitei,9913.0,9913.0
Megantereon,Megantereon_cultridens,4867.0,26265.0
Megantereon,Megantereon_eurynodon,4447.0,4885.0
Megantereon,Megantereon_gracile,4867.0,4932.0
Megantereon,Megantereon_hesperus,1064.0,6294.0
Megantereon,Megantereon_megantereon,9043.0,13795.0
Megantereon,Megantereon_nihowanensis,9810.0,9810.0
Megantereon,Megantereon_praecox,6080.0,6080.0
Megantereon,Megantereon_sp.,4221.0,13592.0
Megantereon,Megantereon_sp._?,11054.0,11054.0
Megantereon,Megantereon_whitei,9364.0,61133.0
Metailurus,Metailurus_(Pseudaelurus)_sp.,9039.0,9039.0
Metailurus,Metailurus_africanus,47344.0,47344.0
Metailurus,Metailurus_boodon,24838.0,24838.0
Metailurus,Metailurus_major,11351.0,11351.0
Metailurus,Metailurus_mongoliensis,11208.0,11208.0
Metailurus,Metailurus_parvulus,11002.0,11002.0
Metailurus,Metailurus_sp.,11208.0,11208.0
Miohyaena,Miohyaena_sp.,29415.0,29415.0
Miomachairodus,Miomachairodus_sp.,11208.0,11208.0
Miracinonyx,Miracinonyx_cf._inexpectatus,949.0,6294.0
Miracinonyx,Miracinonyx_cf._studeri,1179.0,1179.0
Miracinonyx,Miracinonyx_inexpectatus,2615.0,49269.0
Miracinonyx,Miracinonyx_sp.,2623.0,61249.0
Miracinonyx,Miracinonyx_studeri,1319.0,6294.0
Miracinonyx,Miracinonyx_studeri_?,6294.0,6294.0
Miracinonyx,Miracinonyx_trumani,3553.0,3553.0
Moghradictis,Moghradictis_nedjema,23705.0,23705.0
Mungos,Mungos_dietrichi,4451.0,4454.0
Mungos,Mungos_mungo,4792.0,5237.0
Mungos,Mungos_sp.,4918.0,32407.0
Neofelis,Neofelis_nebulosa,31309.0,31309.0
Nimravidae,Nimravidae_?_indet.,1442.0,3163.0
Nimravidae,Nimravidae_indet.,1544.0,54680.0
Nimravides,Nimravides_cf._thinobates,3405.0,6294.0
Nimravides,Nimravides_galiani,2218.0,2218.0
Nimravides,Nimravides_n._sp._galiani,1027.0,1027.0
Nimravides,Nimravides_pedionomus,48545.0,48545.0
Nimravides,Nimravides_sp.,3510.0,3794.0
Nimravides,Nimravides_thinobates,2339.0,6294.0
Nimravus,Nimravus_brachyops,2356.0,51382.0
Nimravus,Nimravus_cf._intermedius,2745.0,2745.0
Nimravus,Nimravus_intermedius,52988.0,61223.0
Nimravus,Nimravus_mongoliensis,57193.0,57193.0
Nimravus,Nimravus_n._sp._intermedius,52988.0,52988.0
Nimravus,Nimravus_n._sp._sectator,2356.0,2356.0
Nimravus,Nimravus_sp.,1359.0,60909.0
Onychogale,Onychogale_sp.,60517.0,60517.0
Pachycrocuta,Pachycrocuta_?_licenti,19685.0,19685.0
Pachycrocuta,Pachycrocuta_brevirostris,4867.0,61081.0
Pachycrocuta,Pachycrocuta_cf._brevirostris,8650.0,10965.0
Pachycrocuta,Pachycrocuta_cf._perrieri,4782.0,4782.0
Pachycrocuta,Pachycrocuta_perrieri,13151.0,25340.0
Pachycrocuta,Pachycrocuta_robusta,9534.0,9534.0
Pachycrocuta,Pachycrocuta_sp.,5560.0,13687.0
Paguma,Paguma_larvata,4412.0,38591.0
Palaeogale,Palaeogale_?_sp.,1270.0,2738.0
Palaeogale,Palaeogale_aff._sectoria,6294.0,6294.0
Palaeogale,Palaeogale_cf._dorothiae,2356.0,2356.0
Palaeogale,Palaeogale_cf._minuta,2324.0,2324.0
Palaeogale,Palaeogale_dorothiae,2356.0,3345.0
Palaeogale,Palaeogale_hyaenoides,19926.0,19926.0
Palaeogale,Palaeogale_minuta,4229.0,34747.0
Palaeogale,Palaeogale_n._sp._dorothiae,2356.0,2356.0
Palaeogale,Palaeogale_n._sp._praehyaenoides,34747.0,34747.0
Palaeogale,Palaeogale_n._sp._sectoria,54680.0,54680.0
Palaeogale,Palaeogale_parvulus,57618.0,57618.0
Palaeogale,Palaeogale_sanguinarius,6294.0,6294.0
Palaeogale,Palaeogale_sectoria,1034.0,58133.0
Palaeogale,Palaeogale_sp.,2230.0,60145.0
Palaeogale,Palaeogale_ulysses,57618.0,57618.0
Palaeoprionodon,Palaeoprionodon_gracilis,57193.0,57193.0
Palaeoprionodon,Palaeoprionodon_n._sp._gracilis,57672.0,57672.0
Palaeoprionodon,Palaeoprionodon_sp.,57619.0,57619.0
Panthera,Panthera_(Jaguarius)_augusta,31594.0,31594.0
Panthera,Panthera_(Leo)_spelaea,11457.0,11457.0
Panthera,Panthera_(Uncia)_informal_n._sp.,37384.0,37384.0
Panthera,Panthera_?_gombaszoegensis,9345.0,9345.0
Panthera,Panthera_?_leo,37303.0,37303.0
Panthera,Panthera_?_onca,1558.0,1558.0
Panthera,Panthera_?_sp.,31625.0,31625.0
Panthera,Panthera_aff._gombaseoegensis,4451.0,4451.0
Panthera,Panthera_aff._onca,47558.0,47558.0
Panthera,Panthera_aff._pardus,10617.0,10617.0
Panthera,Panthera_atrox,1461.0,50316.0
Panthera,Panthera_augusta,1725.0,50339.0
Panthera,Panthera_blytheae,48969.0,48969.0
Panthera,Panthera_cf._crassidens,4469.0,4469.0
Panthera,Panthera_cf._gombaszoegensis,9147.0,16685.0
Panthera,Panthera_cf._leo,4469.0,37407.0
Panthera,Panthera_cf._onca,1727.0,24109.0
Panthera,Panthera_cf._pardus,4447.0,11465.0
Panthera,Panthera_cf._schaubi,10948.0,10948.0
Panthera,Panthera_cf._spelaea,12964.0,12964.0
Panthera,Panthera_cf._tigris,13623.0,38591.0
Panthera,Panthera_crassidens,4948.0,4948.0
Panthera,Panthera_gombaszoegensis,8649.0,25340.0
Panthera,Panthera_issiodorensis_?,9534.0,9534.0
Panthera,Panthera_leo,4430.0,61122.0
Panthera,Panthera_n._sp._blytheae,48969.0,48969.0
Panthera,Panthera_onca,2607.0,50371.0
Panthera,Panthera_pardus,4412.0,61133.0
Panthera,Panthera_pardus_?,11397.0,11397.0
Panthera,Panthera_platensis,24010.0,24010.0
Panthera,Panthera_schaubi,9910.0,9910.0
Panthera,Panthera_sp.,2896.0,61249.0
Panthera,Panthera_spelaea,10916.0,35842.0
Panthera,Panthera_tigris,4412.0,34644.0
Paradoxurinae,Paradoxurinae_indet.,11437.0,11437.0
Paradoxurus,Paradoxurus_cf._hermaphroditus,31293.0,31293.0
Parahyaena,Parahyaena_brunnea,10899.0,32407.0
Parahyaena,Parahyaena_cf._brunnea,10899.0,10899.0
Parahyaena,Parahyaena_sp.,4648.0,4648.0
Paramachairodus,Paramachairodus_?_maximiliani,5.333,5.333
Paramachairodus,Paramachairodus_orientalis,5.333,5.333
Paramachairodus,Paramachairodus_sp.,0.781,5.333
Pliocrocuta,Pliocrocuta_?_perrieri,9580.0,9580.0
Pliocrocuta,Pliocrocuta_cf._perrieri,9580.0,9580.0
Pliocrocuta,Pliocrocuta_perrieri,5595.0,37350.0
Plioviverrops,Plioviverrops_guerini,11002.0,11002.0
Plioviverrops,Plioviverrops_sp.,11011.0,51833.0
Pogonodon,Pogonodon_copei,24838.0,24838.0
Pogonodon,Pogonodon_eileenae,6294.0,6294.0
Pogonodon,Pogonodon_n._sp._platycopis,31438.0,31438.0
Pogonodon,Pogonodon_sp.,1144.0,2215.0
Pratifelis,Pratifelis_n._sp._martini,1058.0,1058.0
Prionailurus,Prionailurus_bengalensis,31625.0,31625.0
Proailurus,Proailurus_lemanensis,34747.0,61362.0
Proailurus,Proailurus_sp.,19922.0,28561.0
Progenetta,Progenetta_gaillardi,8548.0,8548.0
Proteles,Proteles_cristata,4805.0,4805.0
Proteles,Proteles_cristatus,4892.0,4895.0
Proteles,Proteles_sp.,4867.0,5213.0
Proteles,Proteles_transvaalensis,4896.0,4896.0
Protictitherium,Protictitherium_?_sp.,12472.0,12472.0
Protictitherium,Protictitherium_aff._gaillardi,24292.0,24292.0
Protictitherium,Protictitherium_crassum,8616.0,11011.0
Protictitherium,Protictitherium_gaillardi,19926.0,19926.0
Protictitherium,Protictitherium_intermedium,24292.0,24292.0
Protictitherium,Protictitherium_sp.,24292.0,29415.0
Pseudaelurus,Pseudaelurus_?_sp.,2245.0,9619.0
Pseudaelurus,Pseudaelurus_cf._aeluroides,3295.0,3295.0
Pseudaelurus,Pseudaelurus_cf._intrepdius,56894.0,56894.0
Pseudaelurus,Pseudaelurus_cf._intrepidus,33296.0,33296.0
Pseudaelurus,Pseudaelurus_cf._lorteti,23602.0,24772.0
Pseudaelurus,Pseudaelurus_cf._quadridentatus,24292.0,24292.0
Pseudaelurus,Pseudaelurus_cf._romieviensis,47649.0,47649.0
Pseudaelurus,Pseudaelurus_intrepedens,24838.0,24838.0
Pseudaelurus,Pseudaelurus_intrepidus,1498.0,28561.0
Pseudaelurus,Pseudaelurus_intrepidus_?,1179.0,1179.0
Pseudaelurus,Pseudaelurus_larteti,24292.0,24292.0
Pseudaelurus,Pseudaelurus_lorteti,11342.0,47649.0
Pseudaelurus,Pseudaelurus_marshi,3510.0,58390.0
Pseudaelurus,Pseudaelurus_n._sp._aeluroides,3585.0,3585.0
Pseudaelurus,Pseudaelurus_n._sp._africanus,47344.0,47344.0
Pseudaelurus,Pseudaelurus_n._sp._hibbardi,6209.0,6209.0
Pseudaelurus,Pseudaelurus_n._sp._marshi,3418.0,3418.0
Pseudaelurus,Pseudaelurus_n._sp._pedionomus,3564.0,3564.0
Pseudaelurus,Pseudaelurus_n._sp._validus,52057.0,52057.0
Pseudaelurus,Pseudaelurus_quadidentatus,31402.0,31402.0
Pseudaelurus,Pseudaelurus_quadridentatus,8548.0,43885.0
Pseudaelurus,Pseudaelurus_romievensis,24290.0,24290.0
Pseudaelurus,Pseudaelurus_romieviensis,19926.0,19926.0
Pseudaelurus,Pseudaelurus_sp.,781.0,53351.0
Pseudaelurus,Pseudaelurus_stouti,3072.0,58390.0
Pseudaelurus,Pseudaelurus_transitorius,19926.0,19926.0
Pseudaelurus,Pseudaelurus_turauensis,47649.0,47649.0
Pseudaelurus,Pseudaelurus_turnauensis,12499.0,47649.0
Pseudaelurus,Pseudaelurus_validus,52057.0,52057.0
Pseudocivetta,Pseudocivetta_ingens,5276.0,5276.0
Pseudocivetta,Pseudocivetta_sp.,4447.0,4488.0
Puma,Puma_cf._concolor,6294.0,6294.0
Puma,Puma_cf._lacustris,6294.0,6294.0
Puma,Puma_concolor,2623.0,50713.0
Puma,Puma_concolor_?,6294.0,6294.0
Puma,Puma_lacustris,2625.0,6294.0
Puma,Puma_pardoides,15259.0,15259.0
Puma,Puma_sp.,6294.0,46859.0
Quercylurus,Quercylurus_major,52988.0,61223.0
Semigenetta,Semigenetta_?_mutata,8548.0,8548.0
Semigenetta,Semigenetta_?_repelini,10124.0,10124.0
Semigenetta,Semigenetta_?_sp.,41424.0,41424.0
Semigenetta,Semigenetta_cf._cadeoti,24290.0,24290.0
Semigenetta,Semigenetta_cf._repelini,8616.0,8616.0
Semigenetta,Semigenetta_elegans,9576.0,19926.0
Semigenetta,Semigenetta_grandis,55045.0,55045.0
Semigenetta,Semigenetta_mutata,8672.0,13210.0
Semigenetta,Semigenetta_n._sp._cadeoti,31402.0,31402.0
Semigenetta,Semigenetta_sansaniensis,57549.0,57549.0
Semigenetta,Semigenetta_sp.,11208.0,11208.0
Smilodon,Smilodon_?_sp.,31522.0,31522.0
Smilodon,Smilodon_bonaerensis,47573.0,47573.0
Smilodon,Smilodon_californicus,1725.0,1725.0
Smilodon,Smilodon_cf._californicus,2607.0,2607.0
Smilodon,Smilodon_cf._fatalis,2018.0,31567.0
Smilodon,Smilodon_cf._floridanus,2451.0,50339.0
Smilodon,Smilodon_cf._gracilis,1727.0,1727.0
Smilodon,Smilodon_ensenadenis,47573.0,47573.0
Smilodon,Smilodon_fatalis,2195.0,50316.0
Smilodon,Smilodon_floridanus,18245.0,18245.0
Smilodon,Smilodon_gracilis,1186.0,46869.0
Smilodon,Smilodon_neogaeus,46109.0,46109.0
Smilodon,Smilodon_populator,17245.0,47605.0
Smilodon,Smilodon_sp.,1912.0,49752.0
Smilodontidion,Smilodontidion_riggi,0.781,0.781
Smilodontidion,Smilodontidion_riggii,24008.0,24008.0
Smilodontidion,Smilodontidion_sp.,47573.0,47573.0
Smilodontopsis,Smilodontopsis_n._sp._gracilis,1628.0,1628.0
Stenogale,Stenogale_intermedia,61223.0,61223.0
Stenogale,Stenogale_julieni,34747.0,34747.0
Stenogale,Stenogale_n._sp._bransatensis,61362.0,61362.0
Stenogale,Stenogale_n._sp._gaillardi,61362.0,61362.0
Stenoplesictis,Stenoplesictis_cayluxi,19861.0,61217.0
Stenoplesictis,Stenoplesictis_crocheti,61217.0,61217.0
Stenoplesictis,Stenoplesictis_elegans,57193.0,57193.0
Stenoplesictis,Stenoplesictis_minor,61223.0,61223.0
Stenoplesictis,Stenoplesictis_n._sp._crocheti,61217.0,61217.0
Stenoplesictis,Stenoplesictis_n._sp._indigenus,57193.0,57193.0
Stenoplesictis,Stenoplesictis_n._sp._simplex,57193.0,57193.0
Stenoplesictis,Stenoplesictis_sp.,18782.0,18782.0
Suricata,Suricata_suricatta,4888.0,37303.0
Thalassictis,Thalassictis_adroveri,11002.0,11002.0
Thalassictis,Thalassictis_aff._hyaenoides,10999.0,10999.0
Therailurus,Therailurus_barlowi,4932.0,4932.0
Tungurictis,Tungurictis_sp.,9487.0,9487.0
Tungurictis,Tungurictis_spocki,11208.0,11208.0
Ugandictis,Ugandictis_napakensis,47356.0,47356.0
Uncia,Uncia_n._sp._mercerii,54070.0,54070.0
Vinayakia,Vinayakia_nocturna,6080.0,6080.0
Viretailurus,Viretailurus_schaubi,12548.0,12548.0
Vishnufelis,Vishnufelis_sp.,13624.0,13624.0
Vishnuictis,Vishnuictis_n._sp._sp.,13626.0,13626.0
Viverra,Viverra_aff._leakeyi,5391.0,5391.0
Viverra,Viverra_cf._leakeyi,8636.0,23832.0
Viverra,Viverra_cf._zibetha,4412.0,4412.0
Viverra,Viverra_chinjiensis,13624.0,13624.0
Viverra,Viverra_civetta,4792.0,5324.0
Viverra,Viverra_leakeyi,4447.0,10003.0
Viverra,Viverra_n._sp._sp.,13624.0,13624.0
Viverra,Viverra_simplicidens,11574.0,11574.0
Viverra,Viverra_sp.,4847.0,39115.0
Viverra,Viverra_zibetha,31309.0,38591.0
Viverravus,Viverravus_n._sp._constans,57672.0,57672.0
Viverricula,Viverricula_malaccensis,9810.0,9810.0
Viverridae,Viverridae_?_indet.,11437.0,11437.0
Viverridae,Viverridae_indet.,4478.0,61128.0
Viverridae,Viverridae_informal_gen._et_sp._indet._I,57517.0,57517.0
Viverridae,Viverridae_informal_gen._et_sp._indet._II,57517.0,57517.0
Viverridae,Viverridae_informal_indet._large,8636.0,8636.0
Viverrinae,Viverrinae_indet.,5401.0,23390.0
Xenohyaena,Xenohyaena_n._sp._csakvarensis,9557.0,9557.0
Xenosmilus,Xenosmilus_hodsonae,33964.0,33964.0
aff.,aff._Caracal_caracal,4932.0,4932.0
aff.,aff._Eofelis_edwardsii,52988.0,52988.0
aff.,aff._Felis_cafra,4932.0,4932.0
aff.,aff._Homotherium_problematicus,23775.0,23775.0
aff.,aff._Pliocrocuta_perrieri,9147.0,9147.0
aff.,aff._Pseudocivetta_indet.,5391.0,5391.0
aff.,aff._Pseudocivetta_sp.,5423.0,5423.0
aff.,aff._Smilodon_sp.,1460.0,1460.0
aff.,aff._Stenogale_sp.,61349.0,61349.0
aff.,aff._Suricata_suricatta,61133.0,61133.0
cf.,cf._Acinonyx_trumani,25288.0,25288.0
cf.,cf._Caracal_caracal,61133.0,61133.0
cf.,cf._Civettictis_indet.,5448.0,5448.0
cf.,cf._Civettictis_sp.,4454.0,4454.0
cf.,cf._Crocuta_crocuta,13427.0,13427.0
cf.,cf._Crocuta_sp.,4454.0,5579.0
cf.,cf._Cynictis_pencillata,61133.0,61133.0
cf.,cf._Cynictis_sp.,4451.0,4451.0
cf.,cf._Dinobastis_latidens,0.0117,0.0117
cf.,cf._Dinofelis_sp.,4469.0,5595.0
cf.,cf._Eofelis_sp.,61352.0,61352.0
cf.,cf._Eusmilus_sp.,11241.0,11241.0
cf.,cf._Felidae_indet.,10211.0,10211.0
cf.,cf._Felis_inexpectata,50335.0,50335.0
cf.,cf._Felis_sp.,5647.0,5647.0
cf.,cf._Genetta_sp.,8636.0,8636.0
cf.,cf._Genetta_tigrina,4888.0,4888.0
cf.,cf._Herpestes_sanguineus,4892.0,4892.0
cf.,cf._Homotherium_crenatidens,9135.0,9135.0
cf.,cf._Homotherium_sp.,929.0,13532.0
cf.,cf._Hyaena_brunnea,33119.0,33119.0
cf.,cf._Hyaenictis_sp.,8636.0,8636.0
cf.,cf._Hyaenictitherium_barbarum,5595.0,5595.0
cf.,cf._Ichneumia_sp.,5579.0,5579.0
cf.,cf._Lynx_sp.,5595.0,50335.0
cf.,cf._Machairodus_sp.,5283.0,37298.0
cf.,cf._Megantereon_sp.,4447.0,4891.0
cf.,cf._Metailurus_parvulus,51833.0,51833.0
cf.,cf._Metailurus_sp.,8636.0,26367.0
cf.,cf._Nimravides_catocopis,9619.0,9619.0
cf.,cf._Nimravides_sp.,2218.0,3626.0
cf.,cf._Pachycrocuta_sp.,5571.0,5571.0
cf.,cf._Palaeogale_sp.,56216.0,56216.0
cf.,cf._Panthera_leo,4867.0,4867.0
cf.,cf._Panthera_pardus,4868.0,61133.0
cf.,cf._Panthera_sp.,5408.0,9383.0
cf.,cf._Pliocrocuta_perrieri,5595.0,10617.0
cf.,cf._Pseudaelurus_intrepidus,33296.0,33296.0
cf.,cf._Smilodon_sp.,50720.0,50720.0
cf.,cf._Suricata_sp.,37298.0,37298.0
cf.,cf._Thalassictis_montadai,55045.0,55045.0
cf.,cf._Viverridae_indet.,13151.0,13151.0
n.,n._gen._Africanictis_n._sp._meini,57771.0,57771.0
n.,n._gen._Asiavorator_n._sp._altidens,58009.0,58009.0
n.,n._gen._Dinailurictis_n._sp._bonali,52988.0,52988.0
n.,n._gen._Dinobastis_n._sp._serus,31687.0,31687.0
n.,n._gen._Ketketictis_n._sp._solida,23705.0,23705.0
n.,n._gen._Kichechia_n._sp._zamanae,47344.0,47344.0
n.,n._gen._Maofelis_n._sp._cantonensis,61094.0,61094.0
n.,n._gen._Moghradictis_n._sp._nedjema,23705.0,23705.0
n.,n._gen._Orangictis_n._sp._gariepensis,57521.0,57521.0
n.,n._gen._Quercylurus_n._sp._major,52988.0,52988.0
n.,n._gen._Ugandictis_n._sp._napakensis,47356.0,47356.0
n.,n._gen._Xenosmilus_n._sp._hodsonae,35009.0,35009.0
